Item Name,Category,Description,Price,Veg Classifier,Portion Size,Rating,Addons
Crispy Veg Burger+Fries(M),Burger+Fries (Save upto 15%),,160.0,VEG,N/A,4.4,
Crispy Veg Double Patty Burger+Fries(M),Burger+Fries (Save upto 15%),,189.0,VEG,N/A,3.3,
Crispy Chicken Double Patty Burger+Fries(M),Burger+Fries (Save upto 15%),,229.0,NONVEG,N/A,3.2,
Premium Family Feast for 4 - Chicken,Family Feast for 4 ( Save upto 37%),Save Rs. 200 | Chicken Whopper + Fiery Chicken + Crispy Chicken + Chicken Crunchy Taco + 2 Med Fries + 1 Dip + Peri Peri Sachet + Medium Soft Drink (Cola) + Chocolate Thick Shake,982.0,NONVEG,N/A,N/A,
Classic Family Feast for 4 - Veg,Family Feast for 4 ( Save upto 37%),Save Rs. 200 | 2 Crispy Veg + BK Veggie + Veg Crunchy Taco + 2 Med Fries + 2 Dips + Medium Soft Drink (Cola) + Chocolate Thick Shake,731.0,VEG,N/A,3.5,
Veg Whopper,Whopper,"Our signature Whopper with 7 layers between the buns. Extra crunchy veg patty, fresh onions, crispy lettuce, juicy tomatoes (seasonal), tangy gherkins, creamy and smoky sauces with new premium buns. Swaad Aisa, India Jaisa.",179.0,VEG,N/A,4.4,Double Cheese Slice (50.0); Single Cheese Slice (25.0); King Fries + Medium Pepsi (23% off) (159.0); Medium Fries + Medium Pepsi Black (23% OFF) (149.0); Medium Fries + Medium Fountain Pepsi(23% Off) (149.0); Medium Fries + Chocolate Thick Shake (34% off) (195.0); Med Fries + Med Pepsi + Choco Lava (25% Off) (219.0); Regular Fries + Medium Soft Drink (Cola) (28% OFF) (119.0); King Fries (130.0); King Peri Peri Fries (159.0); Medium Fries (115.0); Medium Peri Peri Fries (144.0); Boneless Wings (4 Pcs) (159.0); Chocolate Thick Shake (189.0); Berry Blast Thick Shake (189.0); Medium Pepsi (95.0); Medium Pepsi Black (95.0); Mango Thick Shake (189.0); Choco Lava Cake (109.0); Chocolate Mousse Cup (109.0); Fiery Hell Dip (23.81)
Chicken Whopper,Whopper,"Our signature Whopper with 7 layers between the buns. Flame-Grilled chicken patty, fresh onions, crispy lettuce, juicy tomatoes (seasonal), tangy gherkins, creamy and smoky sauces with new premium glazed buns. Swaad Aisa, India Jaisa.",199.0,NONVEG,N/A,4.2,Double Cheese Slice (50.0); Single Cheese Slice (25.0); King Fries + Medium Pepsi (23% off) (159.0); Medium Fries + Medium Pepsi Black (23% OFF) (149.0); Medium Fries + Medium Fountain Pepsi(23% Off) (149.0); Medium Fries + Chocolate Thick Shake (34% off) (195.0); Med Fries + Med Pepsi + Choco Lava (25% Off) (219.0); Regular Fries + Medium Soft Drink (Cola) (28% OFF) (119.0); King Fries (130.0); King Peri Peri Fries (159.0); Medium Fries (115.0); Medium Peri Peri Fries (144.0); Boneless Wings (4 Pcs) (159.0); Chocolate Thick Shake (189.0); Berry Blast Thick Shake (189.0); Medium Pepsi (95.0); Medium Pepsi Black (95.0); Mango Thick Shake (189.0); Choco Lava Cake (109.0); Chocolate Mousse Cup (109.0); Fiery Hell Dip (23.81)
Crispy Veg Burger,Burgers & Wraps,"Our Best-Selling Burger With Crispy Veg Patty, Fresh Onion And Our Signature Sauce",70.0,VEG,N/A,4.2,Double Cheese Slice (50.0); Single Cheese Slice (25.0); King Fries + Medium Pepsi (23% off) (159.0); Medium Fries + Medium Pepsi Black (23% OFF) (149.0); Medium Fries + Medium Fountain Pepsi(23% Off) (149.0); Medium Fries + Chocolate Thick Shake (34% off) (195.0); Med Fries + Med Pepsi + Choco Lava (25% Off) (219.0); Regular Fries + Medium Soft Drink (Cola) (28% OFF) (119.0); King Fries (130.0); King Peri Peri Fries (159.0); Medium Fries (115.0); Medium Peri Peri Fries (144.0); Boneless Wings (4 Pcs) (159.0); Chocolate Thick Shake (189.0); Berry Blast Thick Shake (189.0); Medium Pepsi (95.0); Medium Pepsi Black (95.0); Mango Thick Shake (189.0); Choco Lava Cake (109.0); Chocolate Mousse Cup (109.0); Fiery Hell Dip (23.81)
Crispy Veg Double Patty Burger,Burgers & Wraps,"Our Best-Selling Burger With Crispy Veg Double Patty, Fresh Onion And Our Signature Sauce",99.0,VEG,N/A,4.0,Double Cheese Slice (50.0); Single Cheese Slice (25.0); King Fries + Medium Pepsi (23% off) (159.0); Medium Fries + Medium Pepsi Black (23% OFF) (149.0); Medium Fries + Medium Fountain Pepsi(23% Off) (149.0); Medium Fries + Chocolate Thick Shake (34% off) (195.0); Med Fries + Med Pepsi + Choco Lava (25% Off) (219.0); Regular Fries + Medium Soft Drink (Cola) (28% OFF) (119.0); King Fries (130.0); King Peri Peri Fries (159.0); Medium Fries (115.0); Medium Peri Peri Fries (144.0); Boneless Wings (4 Pcs) (159.0); Chocolate Thick Shake (189.0); Berry Blast Thick Shake (189.0); Medium Pepsi (95.0); Medium Pepsi Black (95.0); Mango Thick Shake (189.0); Choco Lava Cake (109.0); Chocolate Mousse Cup (109.0); Fiery Hell Dip (23.81)
Crispy Chicken Burger,Burgers & Wraps,"Our Best-Selling Burger With Crispy Chicken Patty, Onion And Classic Mayo Sauce",99.0,NONVEG,N/A,4.2,Double Cheese Slice (50.0); Single Cheese Slice (25.0); King Fries + Medium Pepsi (23% off) (159.0); Medium Fries + Medium Pepsi Black (23% OFF) (149.0); Medium Fries + Medium Fountain Pepsi(23% Off) (149.0); Medium Fries + Chocolate Thick Shake (34% off) (195.0); Med Fries + Med Pepsi + Choco Lava (25% Off) (219.0); Regular Fries + Medium Soft Drink (Cola) (28% OFF) (119.0); King Fries (130.0); King Peri Peri Fries (159.0); Medium Fries (115.0); Medium Peri Peri Fries (144.0); Boneless Wings (4 Pcs) (159.0); Chocolate Thick Shake (189.0); Berry Blast Thick Shake (189.0); Medium Pepsi (95.0); Medium Pepsi Black (95.0); Mango Thick Shake (189.0); Choco Lava Cake (109.0); Chocolate Mousse Cup (109.0); Fiery Hell Dip (23.81)
Crispy Chicken Double Patty Burger,Burgers & Wraps,"Our Best-Selling Burger With Crispy Chicken Double Patty, Onion And Classic Mayo Sauce",139.0,NONVEG,N/A,4.4,Double Cheese Slice (50.0); Single Cheese Slice (25.0); King Fries + Medium Pepsi (23% off) (159.0); Medium Fries + Medium Pepsi Black (23% OFF) (149.0); Medium Fries + Medium Fountain Pepsi(23% Off) (149.0); Medium Fries + Chocolate Thick Shake (34% off) (195.0); Med Fries + Med Pepsi + Choco Lava (25% Off) (219.0); Regular Fries + Medium Soft Drink (Cola) (28% OFF) (119.0); King Fries (130.0); King Peri Peri Fries (159.0); Medium Fries (115.0); Medium Peri Peri Fries (144.0); Boneless Wings (4 Pcs) (159.0); Chocolate Thick Shake (189.0); Berry Blast Thick Shake (189.0); Medium Pepsi (95.0); Medium Pepsi Black (95.0); Mango Thick Shake (189.0); Choco Lava Cake (109.0); Chocolate Mousse Cup (109.0); Fiery Hell Dip (23.81)
Hot 'N' Saucy Burger,Kings Premium Burgers,"Chilli Saucy patty, spicy sauce, soft square masala buns. It's saucy & spicy.",199.0,VEG,N/A,4.3,Double Cheese Slice (50.0); Single Cheese Slice (25.0); King Fries + Medium Pepsi (23% off) (159.0); Medium Fries + Medium Pepsi Black (23% OFF) (149.0); Medium Fries + Medium Fountain Pepsi(23% Off) (149.0); Medium Fries + Chocolate Thick Shake (34% off) (195.0); Med Fries + Med Pepsi + Choco Lava (25% Off) (219.0); Regular Fries + Medium Soft Drink (Cola) (28% OFF) (119.0); King Fries (130.0); King Peri Peri Fries (159.0); Medium Fries (115.0); Medium Peri Peri Fries (144.0); Boneless Wings (4 Pcs) (159.0); Chocolate Thick Shake (189.0); Berry Blast Thick Shake (189.0); Medium Pepsi (95.0); Medium Pepsi Black (95.0); Mango Thick Shake (189.0); Choco Lava Cake (109.0); Chocolate Mousse Cup (109.0)
Fiery Chicken Burger,Kings Premium Burgers,"Spicy Fried Chicken, loads of sauces in soft square masala buns. It's hot and happening.",199.0,NONVEG,N/A,4.2,Double Cheese Slice (50.0); Single Cheese Slice (25.0); King Fries + Medium Pepsi (23% off) (159.0); Medium Fries + Medium Pepsi Black (23% OFF) (149.0); Medium Fries + Medium Fountain Pepsi(23% Off) (149.0); Medium Fries + Chocolate Thick Shake (34% off) (195.0); Med Fries + Med Pepsi + Choco Lava (25% Off) (219.0); Regular Fries + Medium Soft Drink (Cola) (28% OFF) (119.0); King Fries (130.0); King Peri Peri Fries (159.0); Medium Fries (115.0); Medium Peri Peri Fries (144.0); Boneless Wings (4 Pcs) (159.0); Chocolate Thick Shake (189.0); Berry Blast Thick Shake (189.0); Medium Pepsi (95.0); Medium Pepsi Black (95.0); Mango Thick Shake (189.0); Choco Lava Cake (109.0); Chocolate Mousse Cup (109.0)
Crispy Veg Double Patty + Crispy Veg Double Patty,Burger Doubles.,Two Crispy Veg Double Patty,198.0,VEG,N/A,4.2,King Fries + Medium Pepsi (23% off) (159.0); Medium Fries + Medium Pepsi Black (23% OFF) (149.0); Medium Fries + Medium Fountain Pepsi(23% Off) (149.0); Medium Fries + Chocolate Thick Shake (34% off) (195.0); Med Fries + Med Pepsi + Choco Lava (25% Off) (219.0); Regular Fries + Medium Soft Drink (Cola) (28% OFF) (119.0); King Fries (130.0); King Peri Peri Fries (159.0); Medium Fries (115.0); Medium Peri Peri Fries (144.0); Boneless Wings (4 Pcs) (159.0); Chocolate Thick Shake (189.0); Berry Blast Thick Shake (189.0); Medium Pepsi (95.0); Medium Pepsi Black (95.0); Mango Thick Shake (189.0); Choco Lava Cake (109.0); Chocolate Mousse Cup (109.0); Fiery Hell Dip (23.81)
Veg Makhani Burst + Whopper Jr Veg,Burger Doubles.,Veg Makhani Burst + Lite Whopper Jr Veg,229.0,VEG,N/A,3.9,King Fries + Medium Pepsi (23% off) (159.0); Medium Fries + Medium Pepsi Black (23% OFF) (149.0); Medium Fries + Medium Fountain Pepsi(23% Off) (149.0); Medium Fries + Chocolate Thick Shake (34% off) (195.0); Med Fries + Med Pepsi + Choco Lava (25% Off) (219.0); Regular Fries + Medium Soft Drink (Cola) (28% OFF) (119.0); King Fries (130.0); King Peri Peri Fries (159.0); Medium Fries (115.0); Medium Peri Peri Fries (144.0); Boneless Wings (4 Pcs) (159.0); Chocolate Thick Shake (189.0); Berry Blast Thick Shake (189.0); Medium Pepsi (95.0); Medium Pepsi Black (95.0); Mango Thick Shake (189.0); Choco Lava Cake (109.0); Chocolate Mousse Cup (109.0); Fiery Hell Dip (23.81)
4 Crispy Veg + 2 Medium Fries,Friends & Family Combo (Save upto 20%),,400.0,VEG,N/A,3.8,
Medium Fries,Sides,The Perfect Crispy Partner,115.0,VEG,N/A,4.3,
King Fries,Sides,The Perfect Crispy Partner,130.0,VEG,N/A,4.1,Fiery Hell Dip (23.81); Peri Peri Spice Mix (28.57)
King Peri Peri Fries,Sides,Crispy Fries With Peri Peri Spice. Hot Indeed,159.0,VEG,N/A,3.9,Fiery Hell Dip (23.81)
Chocolate Thick Shake,Beverages,Our Signature Chocolate Thick Shake,189.0,VEG,N/A,4.3,
Crispy Veg Burger + Fries (Reg) + Soft Drink,Crispy Meal Deals (Save upto 47%),Save 47% | Crispy Veg Burger + Fries (Reg) + Soft Drink,129.0,VEG,N/A,N/A,
Crispy Chicken Burger + Fries (Reg) + Soft Drink,Crispy Meal Deals (Save upto 47%),Save 38% | Crispy Chicken Burger + Fries (Reg) + Soft Drink,169.0,NONVEG,N/A,N/A,
Fiery Chicken Wrap+Fries(Reg),Burger+Fries (Save upto 15%),,279.0,NONVEG,N/A,3.3,
Paneer Royale Wrap+Fries(Reg),Burger+Fries (Save upto 15%),,279.0,VEG,N/A,N/A,
Hot 'N' Saucy Burger+Fries(Reg),Burger+Fries (Save upto 15%),,269.0,VEG,N/A,N/A,
Fiery Chicken Burger+Fries(Reg),Burger+Fries (Save upto 15%),,269.0,NONVEG,N/A,N/A,
Paneer Royale Burger+Fries(Reg),Burger+Fries (Save upto 15%),,269.0,VEG,N/A,N/A,
Chicken Tandoori+Fries(Reg),Burger+Fries (Save upto 15%),,269.0,NONVEG,N/A,N/A,
Whopper Jr Chicken+Fries(Reg),Burger+Fries (Save upto 15%),,249.0,NONVEG,N/A,N/A,
BK Chicken Burger+Fries(Reg),Burger+Fries (Save upto 15%),,229.0,NONVEG,N/A,N/A,
Whopper Jr Veg+Fries(Reg),Burger+Fries (Save upto 15%),,229.0,VEG,N/A,N/A,
Veg Whopper+Fries(Reg),Burger+Fries (Save upto 15%),,249.0,VEG,N/A,5.0,
Chicken Whopper+Fries(Reg),Burger+Fries (Save upto 15%),,269.0,NONVEG,N/A,N/A,
BK Veggie Burger+Fries(Reg),Burger+Fries (Save upto 15%),,219.0,VEG,N/A,N/A,
Crispy Chicken Double Patty Burger+Fries(Reg),Burger+Fries (Save upto 15%),,209.0,NONVEG,N/A,4.3,
Crunchy Chicken Taco+Fries(Reg),Burger+Fries (Save upto 15%),,190.0,NONVEG,N/A,5.0,
Chicken Makhani Burst Burger+Fries(Reg),Burger+Fries (Save upto 15%),,180.0,NONVEG,N/A,N/A,
Crispy Veg Double Patty Burger+Fries(Reg),Burger+Fries (Save upto 15%),,179.0,VEG,N/A,N/A,
Crispy Chicken Burger+Fries(Reg),Burger+Fries (Save upto 15%),,170.0,NONVEG,N/A,N/A,
Veg Crunchy Taco+Fries(Reg),Burger+Fries (Save upto 15%),,170.0,VEG,N/A,N/A,
Veg Makhani Burst Burger+Fries(Reg),Burger+Fries (Save upto 15%),,150.0,VEG,N/A,N/A,
Crispy Veg Burger+Fries(Reg),Burger+Fries (Save upto 15%),,150.0,VEG,N/A,3.7,
Crispy Veg Burger+Fries(M),Burger+Fries (Save upto 15%),,160.0,VEG,N/A,4.4,
Veg Crunchy Taco+Fries(M),Burger+Fries (Save upto 15%),,180.0,VEG,N/A,N/A,
Crispy Chicken Burger+Fries(M),Burger+Fries (Save upto 15%),,189.0,NONVEG,N/A,4.1,
Crispy Veg Double Patty Burger+Fries(M),Burger+Fries (Save upto 15%),,189.0,VEG,N/A,3.3,
Crunchy Chicken Taco+Fries(M),Burger+Fries (Save upto 15%),,209.0,NONVEG,N/A,3.8,
BK Veggie Burger+Fries(M),Burger+Fries (Save upto 15%),,229.0,VEG,N/A,4.0,
Crispy Chicken Double Patty Burger+Fries(M),Burger+Fries (Save upto 15%),,229.0,NONVEG,N/A,3.2,
BK Chicken Burger+Fries(M),Burger+Fries (Save upto 15%),,239.0,NONVEG,N/A,N/A,
Whopper Jr Veg+Fries(M),Burger+Fries (Save upto 15%),,239.0,VEG,N/A,4.3,
Veg Whopper+Fries(M),Burger+Fries (Save upto 15%),,269.0,VEG,N/A,4.0,
Paneer Royale Wrap+Fries(M),Burger+Fries (Save upto 15%),,299.0,VEG,N/A,N/A,
Chicken Whopper+Fries(M),Burger+Fries (Save upto 15%),,289.0,NONVEG,N/A,N/A,
No Strings Attached Combo - Veg,Flavours Of Love Combos (Save Rs 122),Save Rs. 122 | 2 Masala Whopper Veg + 2 Med Fries + 2 Medium Soft Drink (Cola),736.0,VEG,N/A,N/A,
Premium Family Feast for 4 - Veg,Family Feast for 4 ( Save upto 37%),Save Rs. 200 | Veg Whopper + Paneer Royale + Crispy Veg + BK Veggie + 2 Med Fries + 1 Dip + Peri Peri Sachet + Medium Soft Drink (Cola) + Chocolate Thick Shake,953.0,VEG,N/A,N/A,
Premium Family Feast for 4 - Chicken,Family Feast for 4 ( Save upto 37%),Save Rs. 200 | Chicken Whopper + Fiery Chicken + Crispy Chicken + Chicken Crunchy Taco + 2 Med Fries + 1 Dip + Peri Peri Sachet + Medium Soft Drink (Cola) + Chocolate Thick Shake,982.0,NONVEG,N/A,N/A,
Classic Family Feast for 4 - Veg,Family Feast for 4 ( Save upto 37%),Save Rs. 200 | 2 Crispy Veg + BK Veggie + Veg Crunchy Taco + 2 Med Fries + 2 Dips + Medium Soft Drink (Cola) + Chocolate Thick Shake,731.0,VEG,N/A,3.5,
Classic Family Feast for 4 - Chicken,Family Feast for 4 ( Save upto 37%),Save Rs. 200 | 2 Crispy Chicken + BK Chicken + Chicken Crunchy Taco + 2 Med Fries + 2 Dips + Medium Soft Drink (Cola) + Chocolate Thick Shake,828.0,NONVEG,N/A,N/A,
Whopper Duo - Veg,Super Saver Combos (Save upto Rs 90),MRP 772. Save Rs 90 | 2 Veg Whopper + 1 King Fries + 1 Chocolate Shake + 1 Medium Soft Drink (Cola),682.0,VEG,N/A,N/A,
Whopper Duo - Non Veg,Super Saver Combos (Save upto Rs 90),MRP 812. Save Rs 90 | 2 Chicken Whopper + 1 King Fries  + 1 Chocolate Shake  + 1 Medium Soft Drink (Cola),722.0,NONVEG,N/A,N/A,
Paneer Royale Burger + Hot 'N' Saucy Burger + 1 Med Fries,Super Saver Combos (Save upto Rs 90),MRP 533. Save Rs 95! With this Limited Time Offer,418.0,VEG,N/A,2.3,
Hot 'N' Saucy Duo - Veg,Super Saver Combos (Save upto Rs 90),MRP 718. Save Rs 90 | 2 Hot 'N' Saucy + 1 King Fries + 2 Medium Soft Drink (Cola),628.0,VEG,N/A,N/A,
Fiery Duo - Non Veg,Super Saver Combos (Save upto Rs 90),MRP 718. Save Rs 90 | 2 FieryChicken + 1 King Fries + 2 Medium Soft Drink (Cola),628.0,NONVEG,N/A,N/A,
Binging Duo - Veg,Super Saver Combos (Save upto Rs 90),MRP 706. Save Rs 90 | 2Crispy Veg Double Patty+1King Fries+2Chocolate Shake,616.0,VEG,N/A,N/A,
Binging Duo - Non  Veg,Super Saver Combos (Save upto Rs 90),MRP 766. Save Rs 90 | 2Crispy Chicken Double Patty+1King Fries+2Chocolate Shake,696.0,NONVEG,N/A,N/A,
Indulgent Duo - Veg,Super Saver Combos (Save upto Rs 90),MRP 718. Save Rs 90 | 2 Paneer Royale + 1 King Fries + 2 Medium Soft Drink (Cola),628.0,VEG,N/A,N/A,
Indulgent Duo - Non Veg,Super Saver Combos (Save upto Rs 90),MRP 718. Save Rs 90 | 2 Chicken Tandoor Grill + 1 King Fries + 2 Medium Soft Drink (Cola),628.0,NONVEG,N/A,N/A,
2 Hot 'N' Saucy Burger + 1 Med Fries,Super Saver Combos (Save upto Rs 90),MRP 533. Save Rs 95! With this Limited Time Offer,418.0,VEG,N/A,5.0,
2 Fiery Chicken Burger + 1 Med Fries,Super Saver Combos (Save upto Rs 90),MRP 533. Save Rs 95! With this Limited Time Offer,418.0,NONVEG,N/A,4.5,
2 Paneer Royale Burger + 1 Med Fries,Super Saver Combos (Save upto Rs 90),MRP 533. Save Rs 95! With this Limited Time Offer,418.0,VEG,N/A,4.5,
2 Chicken Tandoori Burger + 1 Med Fries,Super Saver Combos (Save upto Rs 90),MRP 533. Save Rs 95! With this Limited Time Offer,418.0,NONVEG,N/A,4.2,
Mutton Whopper,Whopper,"Our signature Whopper with 7 layers between the buns. Flame-Grilled mutton patty, fresh onions, crispy lettuce, juicy tomatoes (seasonal), tangy gherkins, creamy and smoky sauces with new glazed buns. Swaad Aisa, India Jaisa.",319.0,NONVEG,N/A,4.5,Double Cheese Slice (50.0); Single Cheese Slice (25.0); King Fries + Medium Pepsi (23% off) (159.0); Medium Fries + Medium Pepsi Black (23% OFF) (149.0); Medium Fries + Medium Fountain Pepsi(23% Off) (149.0); Medium Fries + Chocolate Thick Shake (34% off) (195.0); Med Fries + Med Pepsi + Choco Lava (25% Off) (219.0); Regular Fries + Medium Soft Drink (Cola) (28% OFF) (119.0); King Fries (130.0); King Peri Peri Fries (159.0); Medium Fries (115.0); Medium Peri Peri Fries (144.0); Boneless Wings (4 Pcs) (159.0); Chocolate Thick Shake (189.0); Berry Blast Thick Shake (189.0); Medium Pepsi (95.0); Medium Pepsi Black (95.0); Mango Thick Shake (189.0); Choco Lava Cake (109.0); Chocolate Mousse Cup (109.0); Fiery Hell Dip (23.81)
Veg Whopper,Whopper,"Our signature Whopper with 7 layers between the buns. Extra crunchy veg patty, fresh onions, crispy lettuce, juicy tomatoes (seasonal), tangy gherkins, creamy and smoky sauces with new premium buns. Swaad Aisa, India Jaisa.",179.0,VEG,N/A,4.4,Double Cheese Slice (50.0); Single Cheese Slice (25.0); King Fries + Medium Pepsi (23% off) (159.0); Medium Fries + Medium Pepsi Black (23% OFF) (149.0); Medium Fries + Medium Fountain Pepsi(23% Off) (149.0); Medium Fries + Chocolate Thick Shake (34% off) (195.0); Med Fries + Med Pepsi + Choco Lava (25% Off) (219.0); Regular Fries + Medium Soft Drink (Cola) (28% OFF) (119.0); King Fries (130.0); King Peri Peri Fries (159.0); Medium Fries (115.0); Medium Peri Peri Fries (144.0); Boneless Wings (4 Pcs) (159.0); Chocolate Thick Shake (189.0); Berry Blast Thick Shake (189.0); Medium Pepsi (95.0); Medium Pepsi Black (95.0); Mango Thick Shake (189.0); Choco Lava Cake (109.0); Chocolate Mousse Cup (109.0); Fiery Hell Dip (23.81)
Veg Whopper with Cheese Slice,Whopper,"Our Signature Whopper With 7 Layers Between The Buns. Extra Crunchy Veg Patty With Cheese Slice, Fresh Onion, Crispy Lettuce, Juicy Tomatoes(seasonal), Tangy Gherkins, Creamy And Smoky Sauces With Xxl Buns. It?S Not A Burger, It?S A Whopper",204.0,VEG,N/A,3.8,Double Cheese Slice (50.0); Single Cheese Slice (25.0); King Fries + Medium Pepsi (23% off) (159.0); Medium Fries + Medium Pepsi Black (23% OFF) (149.0); Medium Fries + Medium Fountain Pepsi(23% Off) (149.0); Medium Fries + Chocolate Thick Shake (34% off) (195.0); Med Fries + Med Pepsi + Choco Lava (25% Off) (219.0); Regular Fries + Medium Soft Drink (Cola) (28% OFF) (119.0); King Fries (130.0); King Peri Peri Fries (159.0); Medium Fries (115.0); Medium Peri Peri Fries (144.0); Boneless Wings (4 Pcs) (159.0); Chocolate Thick Shake (189.0); Berry Blast Thick Shake (189.0); Medium Pepsi (95.0); Medium Pepsi Black (95.0); Mango Thick Shake (189.0); Choco Lava Cake (109.0); Chocolate Mousse Cup (109.0); Fiery Hell Dip (23.81)
Chicken Whopper,Whopper,"Our signature Whopper with 7 layers between the buns. Flame-Grilled chicken patty, fresh onions, crispy lettuce, juicy tomatoes (seasonal), tangy gherkins, creamy and smoky sauces with new premium glazed buns. Swaad Aisa, India Jaisa.",199.0,NONVEG,N/A,4.2,Double Cheese Slice (50.0); Single Cheese Slice (25.0); King Fries + Medium Pepsi (23% off) (159.0); Medium Fries + Medium Pepsi Black (23% OFF) (149.0); Medium Fries + Medium Fountain Pepsi(23% Off) (149.0); Medium Fries + Chocolate Thick Shake (34% off) (195.0); Med Fries + Med Pepsi + Choco Lava (25% Off) (219.0); Regular Fries + Medium Soft Drink (Cola) (28% OFF) (119.0); King Fries (130.0); King Peri Peri Fries (159.0); Medium Fries (115.0); Medium Peri Peri Fries (144.0); Boneless Wings (4 Pcs) (159.0); Chocolate Thick Shake (189.0); Berry Blast Thick Shake (189.0); Medium Pepsi (95.0); Medium Pepsi Black (95.0); Mango Thick Shake (189.0); Choco Lava Cake (109.0); Chocolate Mousse Cup (109.0); Fiery Hell Dip (23.81)
Mutton Whopper Double Patty,Whopper,"Two Much Mutton As Delicious Flame-Grilled Patties, Farm-Fresh Veggies And Mayo Is What Makes This Mutton Double Whopper A Feast For The Beast",389.0,NONVEG,N/A,3.8,Double Cheese Slice (50.0); Single Cheese Slice (25.0); King Fries + Medium Pepsi (23% off) (159.0); Medium Fries + Medium Pepsi Black (23% OFF) (149.0); Medium Fries + Medium Fountain Pepsi(23% Off) (149.0); Medium Fries + Chocolate Thick Shake (34% off) (195.0); Med Fries + Med Pepsi + Choco Lava (25% Off) (219.0); Regular Fries + Medium Soft Drink (Cola) (28% OFF) (119.0); King Fries (130.0); King Peri Peri Fries (159.0); Medium Fries (115.0); Medium Peri Peri Fries (144.0); Boneless Wings (4 Pcs) (159.0); Chocolate Thick Shake (189.0); Berry Blast Thick Shake (189.0); Medium Pepsi (95.0); Medium Pepsi Black (95.0); Mango Thick Shake (189.0); Choco Lava Cake (109.0); Chocolate Mousse Cup (109.0); Fiery Hell Dip (23.81)
Veg Whopper Double Patty,Whopper,"Our Signature Whopper With 7 Layers Between The Buns. Extra Crunchy Veg Double Patty, Fresh Onion, Crispy Lettuce, Juicy Tomatoes(seasonal), Tangy Gherkins, Creamy And Smoky Sauces With Xxl Buns. It?S Not A Burger, It?S A Whopper",229.0,VEG,N/A,5.0,Double Cheese Slice (50.0); Single Cheese Slice (25.0); King Fries + Medium Pepsi (23% off) (159.0); Medium Fries + Medium Pepsi Black (23% OFF) (149.0); Medium Fries + Medium Fountain Pepsi(23% Off) (149.0); Medium Fries + Chocolate Thick Shake (34% off) (195.0); Med Fries + Med Pepsi + Choco Lava (25% Off) (219.0); Regular Fries + Medium Soft Drink (Cola) (28% OFF) (119.0); King Fries (130.0); King Peri Peri Fries (159.0); Medium Fries (115.0); Medium Peri Peri Fries (144.0); Boneless Wings (4 Pcs) (159.0); Chocolate Thick Shake (189.0); Berry Blast Thick Shake (189.0); Medium Pepsi (95.0); Medium Pepsi Black (95.0); Mango Thick Shake (189.0); Choco Lava Cake (109.0); Chocolate Mousse Cup (109.0); Fiery Hell Dip (23.81)
Chicken Whopper with Cheese Slice,Whopper,"Our Signature Whopper With 7 Layers Between The Buns. Flame Grilled Chicken Patty With Cheese Slice, Fresh Onion, Crispy Lettuce, Juicy Tomatoes(seasonal), Tangy Gherkins, Creamy And Smoky Sauces With Xxl Buns. It?S Not A Burger, It?S A Whopper",224.0,NONVEG,N/A,3.0,Double Cheese Slice (50.0); Single Cheese Slice (25.0); King Fries + Medium Pepsi (23% off) (159.0); Medium Fries + Medium Pepsi Black (23% OFF) (149.0); Medium Fries + Medium Fountain Pepsi(23% Off) (149.0); Medium Fries + Chocolate Thick Shake (34% off) (195.0); Med Fries + Med Pepsi + Choco Lava (25% Off) (219.0); Regular Fries + Medium Soft Drink (Cola) (28% OFF) (119.0); King Fries (130.0); King Peri Peri Fries (159.0); Medium Fries (115.0); Medium Peri Peri Fries (144.0); Boneless Wings (4 Pcs) (159.0); Chocolate Thick Shake (189.0); Berry Blast Thick Shake (189.0); Medium Pepsi (95.0); Medium Pepsi Black (95.0); Mango Thick Shake (189.0); Choco Lava Cake (109.0); Chocolate Mousse Cup (109.0); Fiery Hell Dip (23.81)
Chicken Whopper Double Patty,Whopper,"Our Signature Whopper With 7 Layers Between The Buns. Flame Grilled Chicken Double Patty, Fresh Onion, Crispy Lettuce, Juicy Tomatoes(seasonal), Tangy Gherkins, Creamy And Smoky Sauces With Xxl Buns. It?S Not A Burger, It?S A Whopper",259.0,NONVEG,N/A,4.2,Double Cheese Slice (50.0); Single Cheese Slice (25.0); King Fries + Medium Pepsi (23% off) (159.0); Medium Fries + Medium Pepsi Black (23% OFF) (149.0); Medium Fries + Medium Fountain Pepsi(23% Off) (149.0); Medium Fries + Chocolate Thick Shake (34% off) (195.0); Med Fries + Med Pepsi + Choco Lava (25% Off) (219.0); Regular Fries + Medium Soft Drink (Cola) (28% OFF) (119.0); King Fries (130.0); King Peri Peri Fries (159.0); Medium Fries (115.0); Medium Peri Peri Fries (144.0); Boneless Wings (4 Pcs) (159.0); Chocolate Thick Shake (189.0); Berry Blast Thick Shake (189.0); Medium Pepsi (95.0); Medium Pepsi Black (95.0); Mango Thick Shake (189.0); Choco Lava Cake (109.0); Chocolate Mousse Cup (109.0); Fiery Hell Dip (23.81)
Crispy Veg Burger,Burgers & Wraps,"Our Best-Selling Burger With Crispy Veg Patty, Fresh Onion And Our Signature Sauce",70.0,VEG,N/A,4.2,Double Cheese Slice (50.0); Single Cheese Slice (25.0); King Fries + Medium Pepsi (23% off) (159.0); Medium Fries + Medium Pepsi Black (23% OFF) (149.0); Medium Fries + Medium Fountain Pepsi(23% Off) (149.0); Medium Fries + Chocolate Thick Shake (34% off) (195.0); Med Fries + Med Pepsi + Choco Lava (25% Off) (219.0); Regular Fries + Medium Soft Drink (Cola) (28% OFF) (119.0); King Fries (130.0); King Peri Peri Fries (159.0); Medium Fries (115.0); Medium Peri Peri Fries (144.0); Boneless Wings (4 Pcs) (159.0); Chocolate Thick Shake (189.0); Berry Blast Thick Shake (189.0); Medium Pepsi (95.0); Medium Pepsi Black (95.0); Mango Thick Shake (189.0); Choco Lava Cake (109.0); Chocolate Mousse Cup (109.0); Fiery Hell Dip (23.81)
Chicken Makhani Burst Burger,Burgers & Wraps,Enjoy Rich Makhani Flavour With Crispy Chicken Patty Topped With Fresh Onion,109.0,NONVEG,N/A,4.3,Double Cheese Slice (50.0); Single Cheese Slice (25.0); King Fries + Medium Pepsi (23% off) (159.0); Medium Fries + Medium Pepsi Black (23% OFF) (149.0); Medium Fries + Medium Fountain Pepsi(23% Off) (149.0); Medium Fries + Chocolate Thick Shake (34% off) (195.0); Med Fries + Med Pepsi + Choco Lava (25% Off) (219.0); Regular Fries + Medium Soft Drink (Cola) (28% OFF) (119.0); King Fries (130.0); King Peri Peri Fries (159.0); Medium Fries (115.0); Medium Peri Peri Fries (144.0); Boneless Wings (4 Pcs) (159.0); Chocolate Thick Shake (189.0); Berry Blast Thick Shake (189.0); Medium Pepsi (95.0); Medium Pepsi Black (95.0); Mango Thick Shake (189.0); Choco Lava Cake (109.0); Chocolate Mousse Cup (109.0); Fiery Hell Dip (23.81)
Crispy Veg Double Patty Burger,Burgers & Wraps,"Our Best-Selling Burger With Crispy Veg Double Patty, Fresh Onion And Our Signature Sauce",99.0,VEG,N/A,4.0,Double Cheese Slice (50.0); Single Cheese Slice (25.0); King Fries + Medium Pepsi (23% off) (159.0); Medium Fries + Medium Pepsi Black (23% OFF) (149.0); Medium Fries + Medium Fountain Pepsi(23% Off) (149.0); Medium Fries + Chocolate Thick Shake (34% off) (195.0); Med Fries + Med Pepsi + Choco Lava (25% Off) (219.0); Regular Fries + Medium Soft Drink (Cola) (28% OFF) (119.0); King Fries (130.0); King Peri Peri Fries (159.0); Medium Fries (115.0); Medium Peri Peri Fries (144.0); Boneless Wings (4 Pcs) (159.0); Chocolate Thick Shake (189.0); Berry Blast Thick Shake (189.0); Medium Pepsi (95.0); Medium Pepsi Black (95.0); Mango Thick Shake (189.0); Choco Lava Cake (109.0); Chocolate Mousse Cup (109.0); Fiery Hell Dip (23.81)
BK-Veggie Double Patty Burger,Burgers & Wraps,"Our tribute to classic American taste. BK veg double patty, garden fresh crispy lettuce, juicy tomato (seasonal) & our signature sauce",159.0,VEG,N/A,3.4,Double Cheese Slice (50.0); Single Cheese Slice (25.0); King Fries + Medium Pepsi (23% off) (159.0); Medium Fries + Medium Pepsi Black (23% OFF) (149.0); Medium Fries + Medium Fountain Pepsi(23% Off) (149.0); Medium Fries + Chocolate Thick Shake (34% off) (195.0); Med Fries + Med Pepsi + Choco Lava (25% Off) (219.0); Regular Fries + Medium Soft Drink (Cola) (28% OFF) (119.0); King Fries (130.0); King Peri Peri Fries (159.0); Medium Fries (115.0); Medium Peri Peri Fries (144.0); Boneless Wings (4 Pcs) (159.0); Chocolate Thick Shake (189.0); Berry Blast Thick Shake (189.0); Medium Pepsi (95.0); Medium Pepsi Black (95.0); Mango Thick Shake (189.0)
Veg Crunchy Taco,Burgers & Wraps,"Crunchy Shell with mix veg filling, crunchy veggies and spicy sauce",90.0,VEG,N/A,4.4,King Fries + Medium Pepsi (23% off) (159.0); Medium Fries + Medium Pepsi Black (23% OFF) (149.0); Medium Fries + Medium Fountain Pepsi(23% Off) (149.0); Medium Fries + Chocolate Thick Shake (34% off) (195.0); Med Fries + Med Pepsi + Choco Lava (25% Off) (219.0); Regular Fries + Medium Soft Drink (Cola) (28% OFF) (119.0); King Fries (130.0); King Peri Peri Fries (159.0); Medium Fries (115.0); Medium Peri Peri Fries (144.0); Boneless Wings (4 Pcs) (159.0); Chocolate Thick Shake (189.0); Berry Blast Thick Shake (189.0); Medium Pepsi (95.0); Medium Pepsi Black (95.0); Mango Thick Shake (189.0); Choco Lava Cake (109.0); Chocolate Mousse Cup (109.0); Fiery Hell Dip (23.81)
Veg Makhani Burst Burger,Burgers & Wraps,Enjoy Rich Makhani Flavour With Mix Veg Patty Topped Up With Fresh Onion,80.0,VEG,N/A,4.0,Double Cheese Slice (50.0); Single Cheese Slice (25.0); King Fries + Medium Pepsi (23% off) (159.0); Medium Fries + Medium Pepsi Black (23% OFF) (149.0); Medium Fries + Medium Fountain Pepsi(23% Off) (149.0); Medium Fries + Chocolate Thick Shake (34% off) (195.0); Med Fries + Med Pepsi + Choco Lava (25% Off) (219.0); Regular Fries + Medium Soft Drink (Cola) (28% OFF) (119.0); King Fries (130.0); King Peri Peri Fries (159.0); Medium Fries (115.0); Medium Peri Peri Fries (144.0); Boneless Wings (4 Pcs) (159.0); Chocolate Thick Shake (189.0); Berry Blast Thick Shake (189.0); Medium Pepsi (95.0); Medium Pepsi Black (95.0); Mango Thick Shake (189.0); Choco Lava Cake (109.0); Chocolate Mousse Cup (109.0); Fiery Hell Dip (23.81)
Crispy Chicken Burger,Burgers & Wraps,"Our Best-Selling Burger With Crispy Chicken Patty, Onion And Classic Mayo Sauce",99.0,NONVEG,N/A,4.2,Double Cheese Slice (50.0); Single Cheese Slice (25.0); King Fries + Medium Pepsi (23% off) (159.0); Medium Fries + Medium Pepsi Black (23% OFF) (149.0); Medium Fries + Medium Fountain Pepsi(23% Off) (149.0); Medium Fries + Chocolate Thick Shake (34% off) (195.0); Med Fries + Med Pepsi + Choco Lava (25% Off) (219.0); Regular Fries + Medium Soft Drink (Cola) (28% OFF) (119.0); King Fries (130.0); King Peri Peri Fries (159.0); Medium Fries (115.0); Medium Peri Peri Fries (144.0); Boneless Wings (4 Pcs) (159.0); Chocolate Thick Shake (189.0); Berry Blast Thick Shake (189.0); Medium Pepsi (95.0); Medium Pepsi Black (95.0); Mango Thick Shake (189.0); Choco Lava Cake (109.0); Chocolate Mousse Cup (109.0); Fiery Hell Dip (23.81)
Crispy Veg Double Patty with Cheese Slice,Burgers & Wraps,"Our Best-Selling Burger With Crispy Veg Double Patty, Cheese Slice, Fresh Onion And Our Signature Sauce",124.0,VEG,N/A,3.7,Double Cheese Slice (50.0); Single Cheese Slice (25.0); King Fries + Medium Pepsi (23% off) (159.0); Medium Fries + Medium Pepsi Black (23% OFF) (149.0); Medium Fries + Medium Fountain Pepsi(23% Off) (149.0); Medium Fries + Chocolate Thick Shake (34% off) (195.0); Med Fries + Med Pepsi + Choco Lava (25% Off) (219.0); Regular Fries + Medium Soft Drink (Cola) (28% OFF) (119.0); King Fries (130.0); King Peri Peri Fries (159.0); Medium Fries (115.0); Medium Peri Peri Fries (144.0); Boneless Wings (4 Pcs) (159.0); Chocolate Thick Shake (189.0); Berry Blast Thick Shake (189.0); Medium Pepsi (95.0); Medium Pepsi Black (95.0); Mango Thick Shake (189.0); Choco Lava Cake (109.0); Chocolate Mousse Cup (109.0); Fiery Hell Dip (23.81)
Crispy Veg with Cheese Slice,Burgers & Wraps,"Our Best-Selling Burger Withcrispy Veg Patty, Cheese Slice, Fresh Onion And Our Signature Sauce",95.0,VEG,N/A,4.3,Double Cheese Slice (50.0); Single Cheese Slice (25.0); King Fries + Medium Pepsi (23% off) (159.0); Medium Fries + Medium Pepsi Black (23% OFF) (149.0); Medium Fries + Medium Fountain Pepsi(23% Off) (149.0); Medium Fries + Chocolate Thick Shake (34% off) (195.0); Med Fries + Med Pepsi + Choco Lava (25% Off) (219.0); Regular Fries + Medium Soft Drink (Cola) (28% OFF) (119.0); King Fries (130.0); King Peri Peri Fries (159.0); Medium Fries (115.0); Medium Peri Peri Fries (144.0); Boneless Wings (4 Pcs) (159.0); Chocolate Thick Shake (189.0); Berry Blast Thick Shake (189.0); Medium Pepsi (95.0); Medium Pepsi Black (95.0); Mango Thick Shake (189.0); Choco Lava Cake (109.0); Chocolate Mousse Cup (109.0); Fiery Hell Dip (23.81)
Crunchy Chicken Taco,Burgers & Wraps,"Crunchy Shell with chicken patty, crunchy veggies and spicy sauce",119.0,NONVEG,N/A,4.2,King Fries + Medium Pepsi (23% off) (159.0); Medium Fries + Medium Pepsi Black (23% OFF) (149.0); Medium Fries + Medium Fountain Pepsi(23% Off) (149.0); Medium Fries + Chocolate Thick Shake (34% off) (195.0); Med Fries + Med Pepsi + Choco Lava (25% Off) (219.0); Regular Fries + Medium Soft Drink (Cola) (28% OFF) (119.0); King Fries (130.0); King Peri Peri Fries (159.0); Medium Fries (115.0); Medium Peri Peri Fries (144.0); Boneless Wings (4 Pcs) (159.0); Chocolate Thick Shake (189.0); Berry Blast Thick Shake (189.0); Medium Pepsi (95.0); Medium Pepsi Black (95.0); Mango Thick Shake (189.0); Choco Lava Cake (109.0); Chocolate Mousse Cup (109.0); Fiery Hell Dip (23.81)
Crispy Chicken with Cheese Slice,Burgers & Wraps,"Our Best-Selling Burger With Crispy Chicken Patty, Cheese Slice, Onion And Classic Mayo Sauce",124.0,NONVEG,N/A,4.6,Double Cheese Slice (50.0); Single Cheese Slice (25.0); King Fries + Medium Pepsi (23% off) (159.0); Medium Fries + Medium Pepsi Black (23% OFF) (149.0); Medium Fries + Medium Fountain Pepsi(23% Off) (149.0); Medium Fries + Chocolate Thick Shake (34% off) (195.0); Med Fries + Med Pepsi + Choco Lava (25% Off) (219.0); Regular Fries + Medium Soft Drink (Cola) (28% OFF) (119.0); King Fries (130.0); King Peri Peri Fries (159.0); Medium Fries (115.0); Medium Peri Peri Fries (144.0); Boneless Wings (4 Pcs) (159.0); Chocolate Thick Shake (189.0); Berry Blast Thick Shake (189.0); Medium Pepsi (95.0); Medium Pepsi Black (95.0); Mango Thick Shake (189.0); Choco Lava Cake (109.0); Chocolate Mousse Cup (109.0); Fiery Hell Dip (23.81)
Whopper Jr Veg,Burgers & Wraps,"Our Signature Whopper With 7 Layers Between The Buns In A Convenient Size. Extra Crunchy Veg Patty, Fresh Onion, Crispy Lettuce, Juicy Tomatoes(seasonal), Tangy Gherkins, Creamy And Smoky Sauces",149.0,VEG,N/A,3.8,Double Cheese Slice (50.0); Single Cheese Slice (25.0); King Fries + Medium Pepsi (23% off) (159.0); Medium Fries + Medium Pepsi Black (23% OFF) (149.0); Medium Fries + Medium Fountain Pepsi(23% Off) (149.0); Medium Fries + Chocolate Thick Shake (34% off) (195.0); Med Fries + Med Pepsi + Choco Lava (25% Off) (219.0); Regular Fries + Medium Soft Drink (Cola) (28% OFF) (119.0); King Fries (130.0); King Peri Peri Fries (159.0); Medium Fries (115.0); Medium Peri Peri Fries (144.0); Boneless Wings (4 Pcs) (159.0); Chocolate Thick Shake (189.0); Berry Blast Thick Shake (189.0); Medium Pepsi (95.0); Medium Pepsi Black (95.0); Mango Thick Shake (189.0); Choco Lava Cake (109.0); Chocolate Mousse Cup (109.0); Fiery Hell Dip (23.81)
Whopper Jr Chicken,Burgers & Wraps,"Our Signature Whopper With 7 Layers Between The Buns In A Convenient Size. Flame Grilled Chicken Patty, Fresh Onion, Crispy Lettuce, Juicy Tomatoes(seasonal), Tangy Gherkins, Creamy And Smoky Sauces",169.0,NONVEG,N/A,4.7,Double Cheese Slice (50.0); Single Cheese Slice (25.0); King Fries + Medium Pepsi (23% off) (159.0); Medium Fries + Medium Pepsi Black (23% OFF) (149.0); Medium Fries + Medium Fountain Pepsi(23% Off) (149.0); Medium Fries + Chocolate Thick Shake (34% off) (195.0); Med Fries + Med Pepsi + Choco Lava (25% Off) (219.0); Regular Fries + Medium Soft Drink (Cola) (28% OFF) (119.0); King Fries (130.0); King Peri Peri Fries (159.0); Medium Fries (115.0); Medium Peri Peri Fries (144.0); Boneless Wings (4 Pcs) (159.0); Chocolate Thick Shake (189.0); Berry Blast Thick Shake (189.0); Medium Pepsi (95.0); Medium Pepsi Black (95.0); Mango Thick Shake (189.0); Choco Lava Cake (109.0); Chocolate Mousse Cup (109.0); Fiery Hell Dip (23.81)
Crispy Chicken Double Patty Burger,Burgers & Wraps,"Our Best-Selling Burger With Crispy Chicken Double Patty, Onion And Classic Mayo Sauce",139.0,NONVEG,N/A,4.4,Double Cheese Slice (50.0); Single Cheese Slice (25.0); King Fries + Medium Pepsi (23% off) (159.0); Medium Fries + Medium Pepsi Black (23% OFF) (149.0); Medium Fries + Medium Fountain Pepsi(23% Off) (149.0); Medium Fries + Chocolate Thick Shake (34% off) (195.0); Med Fries + Med Pepsi + Choco Lava (25% Off) (219.0); Regular Fries + Medium Soft Drink (Cola) (28% OFF) (119.0); King Fries (130.0); King Peri Peri Fries (159.0); Medium Fries (115.0); Medium Peri Peri Fries (144.0); Boneless Wings (4 Pcs) (159.0); Chocolate Thick Shake (189.0); Berry Blast Thick Shake (189.0); Medium Pepsi (95.0); Medium Pepsi Black (95.0); Mango Thick Shake (189.0); Choco Lava Cake (109.0); Chocolate Mousse Cup (109.0); Fiery Hell Dip (23.81)
Crispy Chicken Double Patty with Cheese Slice,Burgers & Wraps,"Our Best-Selling Burger With Crispy Chicken Double Patty, Cheese Slice, Onion And Classic Mayo Sauce.",164.0,NONVEG,N/A,4.3,Double Cheese Slice (50.0); Single Cheese Slice (25.0); King Fries + Medium Pepsi (23% off) (159.0); Medium Fries + Medium Pepsi Black (23% OFF) (149.0); Medium Fries + Medium Fountain Pepsi(23% Off) (149.0); Medium Fries + Chocolate Thick Shake (34% off) (195.0); Med Fries + Med Pepsi + Choco Lava (25% Off) (219.0); Regular Fries + Medium Soft Drink (Cola) (28% OFF) (119.0); King Fries (130.0); King Peri Peri Fries (159.0); Medium Fries (115.0); Medium Peri Peri Fries (144.0); Boneless Wings (4 Pcs) (159.0); Chocolate Thick Shake (189.0); Berry Blast Thick Shake (189.0); Medium Pepsi (95.0); Medium Pepsi Black (95.0); Mango Thick Shake (189.0); Choco Lava Cake (109.0); Chocolate Mousse Cup (109.0); Fiery Hell Dip (23.81)
BK Veggie Burger,Burgers & Wraps,"Our Tribute To Classic American Taste. Bk Veg Patty, Garden Fresh Crispy Lettuce, Juicy Tomato(seasonal) & Our Signature Sauce",139.0,VEG,N/A,3.6,Double Cheese Slice (50.0); Single Cheese Slice (25.0)
BK Chicken Burger,Burgers & Wraps,"Our tribute to classic American taste. The new BK Chicken now has 50%* More Chicken. Enjoy this burger in a Crunchy Chicken patty, garden fresh crispy lettuce, juicy tomato(seasonal) & our signature sauce.",149.0,NONVEG,N/A,4.6,Double Cheese Slice (50.0); Single Cheese Slice (25.0); King Fries + Medium Pepsi (23% off) (159.0); Medium Fries + Medium Pepsi Black (23% OFF) (149.0); Medium Fries + Medium Fountain Pepsi(23% Off) (149.0); Medium Fries + Chocolate Thick Shake (34% off) (195.0); Med Fries + Med Pepsi + Choco Lava (25% Off) (219.0); Regular Fries + Medium Soft Drink (Cola) (28% OFF) (119.0); King Fries (130.0); King Peri Peri Fries (159.0); Medium Fries (115.0); Medium Peri Peri Fries (144.0); Boneless Wings (4 Pcs) (159.0); Chocolate Thick Shake (189.0); Berry Blast Thick Shake (189.0); Medium Pepsi (95.0); Medium Pepsi Black (95.0); Mango Thick Shake (189.0); Choco Lava Cake (109.0); Chocolate Mousse Cup (109.0); Fiery Hell Dip (23.81)
Hot 'N' Saucy Burger,Kings Premium Burgers,"Chilli Saucy patty, spicy sauce, soft square masala buns. It's saucy & spicy.",199.0,VEG,N/A,4.3,Double Cheese Slice (50.0); Single Cheese Slice (25.0); King Fries + Medium Pepsi (23% off) (159.0); Medium Fries + Medium Pepsi Black (23% OFF) (149.0); Medium Fries + Medium Fountain Pepsi(23% Off) (149.0); Medium Fries + Chocolate Thick Shake (34% off) (195.0); Med Fries + Med Pepsi + Choco Lava (25% Off) (219.0); Regular Fries + Medium Soft Drink (Cola) (28% OFF) (119.0); King Fries (130.0); King Peri Peri Fries (159.0); Medium Fries (115.0); Medium Peri Peri Fries (144.0); Boneless Wings (4 Pcs) (159.0); Chocolate Thick Shake (189.0); Berry Blast Thick Shake (189.0); Medium Pepsi (95.0); Medium Pepsi Black (95.0); Mango Thick Shake (189.0); Choco Lava Cake (109.0); Chocolate Mousse Cup (109.0)
Paneer Royale Burger,Kings Premium Burgers,"Thick Paneer Patty, loads of sauces in soft square masala buns. It's Royally Paneer.",199.0,VEG,N/A,4.2,Double Cheese Slice (50.0); Single Cheese Slice (25.0); King Fries + Medium Pepsi (23% off) (159.0); Medium Fries + Medium Pepsi Black (23% OFF) (149.0); Medium Fries + Medium Fountain Pepsi(23% Off) (149.0); Medium Fries + Chocolate Thick Shake (34% off) (195.0); Med Fries + Med Pepsi + Choco Lava (25% Off) (219.0); Regular Fries + Medium Soft Drink (Cola) (28% OFF) (119.0); King Fries (130.0); King Peri Peri Fries (159.0); Medium Fries (115.0); Medium Peri Peri Fries (144.0); Boneless Wings (4 Pcs) (159.0); Chocolate Thick Shake (189.0); Berry Blast Thick Shake (189.0); Medium Pepsi (95.0); Medium Pepsi Black (95.0); Mango Thick Shake (189.0); Choco Lava Cake (109.0); Chocolate Mousse Cup (109.0)
Fiery Chicken Burger,Kings Premium Burgers,"Spicy Fried Chicken, loads of sauces in soft square masala buns. It's hot and happening.",199.0,NONVEG,N/A,4.2,Double Cheese Slice (50.0); Single Cheese Slice (25.0); King Fries + Medium Pepsi (23% off) (159.0); Medium Fries + Medium Pepsi Black (23% OFF) (149.0); Medium Fries + Medium Fountain Pepsi(23% Off) (149.0); Medium Fries + Chocolate Thick Shake (34% off) (195.0); Med Fries + Med Pepsi + Choco Lava (25% Off) (219.0); Regular Fries + Medium Soft Drink (Cola) (28% OFF) (119.0); King Fries (130.0); King Peri Peri Fries (159.0); Medium Fries (115.0); Medium Peri Peri Fries (144.0); Boneless Wings (4 Pcs) (159.0); Chocolate Thick Shake (189.0); Berry Blast Thick Shake (189.0); Medium Pepsi (95.0); Medium Pepsi Black (95.0); Mango Thick Shake (189.0); Choco Lava Cake (109.0); Chocolate Mousse Cup (109.0)
Chicken Tandoori Burger,Kings Premium Burgers,"Desiness Alert! Flame grilled Tandoori Chicken, mint sauce with fresh onions.",199.0,NONVEG,N/A,3.6,Double Cheese Slice (50.0); Single Cheese Slice (25.0); King Fries + Medium Pepsi (23% off) (159.0); Medium Fries + Medium Pepsi Black (23% OFF) (149.0); Medium Fries + Medium Fountain Pepsi(23% Off) (149.0); Medium Fries + Chocolate Thick Shake (34% off) (195.0); Med Fries + Med Pepsi + Choco Lava (25% Off) (219.0); Regular Fries + Medium Soft Drink (Cola) (28% OFF) (119.0); King Fries (130.0); King Peri Peri Fries (159.0); Medium Fries (115.0); Medium Peri Peri Fries (144.0); Boneless Wings (4 Pcs) (159.0); Chocolate Thick Shake (189.0); Berry Blast Thick Shake (189.0); Medium Pepsi (95.0); Medium Pepsi Black (95.0); Mango Thick Shake (189.0); Choco Lava Cake (109.0); Chocolate Mousse Cup (109.0)
Crispy Veg Double Patty + Crispy Veg Double Patty,Burger Doubles.,Two Crispy Veg Double Patty,198.0,VEG,N/A,4.2,King Fries + Medium Pepsi (23% off) (159.0); Medium Fries + Medium Pepsi Black (23% OFF) (149.0); Medium Fries + Medium Fountain Pepsi(23% Off) (149.0); Medium Fries + Chocolate Thick Shake (34% off) (195.0); Med Fries + Med Pepsi + Choco Lava (25% Off) (219.0); Regular Fries + Medium Soft Drink (Cola) (28% OFF) (119.0); King Fries (130.0); King Peri Peri Fries (159.0); Medium Fries (115.0); Medium Peri Peri Fries (144.0); Boneless Wings (4 Pcs) (159.0); Chocolate Thick Shake (189.0); Berry Blast Thick Shake (189.0); Medium Pepsi (95.0); Medium Pepsi Black (95.0); Mango Thick Shake (189.0); Choco Lava Cake (109.0); Chocolate Mousse Cup (109.0); Fiery Hell Dip (23.81)
Veg Makhani Burst + Whopper Jr Veg,Burger Doubles.,Veg Makhani Burst + Lite Whopper Jr Veg,229.0,VEG,N/A,3.9,King Fries + Medium Pepsi (23% off) (159.0); Medium Fries + Medium Pepsi Black (23% OFF) (149.0); Medium Fries + Medium Fountain Pepsi(23% Off) (149.0); Medium Fries + Chocolate Thick Shake (34% off) (195.0); Med Fries + Med Pepsi + Choco Lava (25% Off) (219.0); Regular Fries + Medium Soft Drink (Cola) (28% OFF) (119.0); King Fries (130.0); King Peri Peri Fries (159.0); Medium Fries (115.0); Medium Peri Peri Fries (144.0); Boneless Wings (4 Pcs) (159.0); Chocolate Thick Shake (189.0); Berry Blast Thick Shake (189.0); Medium Pepsi (95.0); Medium Pepsi Black (95.0); Mango Thick Shake (189.0); Choco Lava Cake (109.0); Chocolate Mousse Cup (109.0); Fiery Hell Dip (23.81)
Chicken Whopper + Chicken Whopper,Burger Doubles.,,398.0,NONVEG,N/A,4.8,King Fries + Medium Pepsi (23% off) (159.0); Medium Fries + Medium Pepsi Black (23% OFF) (149.0); Medium Fries + Medium Fountain Pepsi(23% Off) (149.0); Medium Fries + Chocolate Thick Shake (34% off) (195.0); Med Fries + Med Pepsi + Choco Lava (25% Off) (219.0); Regular Fries + Medium Soft Drink (Cola) (28% OFF) (119.0); King Fries (130.0); King Peri Peri Fries (159.0); Medium Fries (115.0); Medium Peri Peri Fries (144.0); Boneless Wings (4 Pcs) (159.0); Chocolate Thick Shake (189.0); Berry Blast Thick Shake (189.0); Medium Pepsi (95.0); Medium Pepsi Black (95.0); Mango Thick Shake (189.0); Choco Lava Cake (109.0); Chocolate Mousse Cup (109.0); Fiery Hell Dip (23.81)
BK Veggie Burger + BK Veggie Burger,Burger Doubles.,BK Veggie Burger and BK Veggie Burger,278.0,VEG,N/A,4.2,
Crispy Chicken Double Patty + Crispy Chicken Double Patty,Burger Doubles.,Two Crispy Chicken Double Patty,278.0,NONVEG,N/A,4.2,King Fries + Medium Pepsi (23% off) (159.0); Medium Fries + Medium Pepsi Black (23% OFF) (149.0); Medium Fries + Medium Fountain Pepsi(23% Off) (149.0); Medium Fries + Chocolate Thick Shake (34% off) (195.0); Med Fries + Med Pepsi + Choco Lava (25% Off) (219.0); Regular Fries + Medium Soft Drink (Cola) (28% OFF) (119.0); King Fries (130.0); King Peri Peri Fries (159.0); Medium Fries (115.0); Medium Peri Peri Fries (144.0); Boneless Wings (4 Pcs) (159.0); Chocolate Thick Shake (189.0); Berry Blast Thick Shake (189.0); Medium Pepsi (95.0); Medium Pepsi Black (95.0); Mango Thick Shake (189.0); Choco Lava Cake (109.0); Chocolate Mousse Cup (109.0); Fiery Hell Dip (23.81)
Chicken Makhani Burst + Whopper Jr Chicken,Burger Doubles.,Chicken Makhani Burst + Lite Whopper Jr Chicken,269.0,NONVEG,N/A,3.8,King Fries + Medium Pepsi (23% off) (159.0); Medium Fries + Medium Pepsi Black (23% OFF) (149.0); Medium Fries + Medium Fountain Pepsi(23% Off) (149.0); Medium Fries + Chocolate Thick Shake (34% off) (195.0); Med Fries + Med Pepsi + Choco Lava (25% Off) (219.0); Regular Fries + Medium Soft Drink (Cola) (28% OFF) (119.0); King Fries (130.0); King Peri Peri Fries (159.0); Medium Fries (115.0); Medium Peri Peri Fries (144.0); Boneless Wings (4 Pcs) (159.0); Chocolate Thick Shake (189.0); Berry Blast Thick Shake (189.0); Medium Pepsi (95.0); Medium Pepsi Black (95.0); Mango Thick Shake (189.0); Choco Lava Cake (109.0); Chocolate Mousse Cup (109.0); Fiery Hell Dip (23.81)
BK Chicken Burger + BK Chicken Burger,Burger Doubles.,Two BK Chicken Burger,298.0,NONVEG,N/A,3.9,
Veg Whopper + Veg Whopper,Burger Doubles.,Two Veg Whopper,358.0,VEG,N/A,4.5,King Fries + Medium Pepsi (23% off) (159.0); Medium Fries + Medium Pepsi Black (23% OFF) (149.0); Medium Fries + Medium Fountain Pepsi(23% Off) (149.0); Medium Fries + Chocolate Thick Shake (34% off) (195.0); Med Fries + Med Pepsi + Choco Lava (25% Off) (219.0); Regular Fries + Medium Soft Drink (Cola) (28% OFF) (119.0); King Fries (130.0); King Peri Peri Fries (159.0); Medium Fries (115.0); Medium Peri Peri Fries (144.0); Boneless Wings (4 Pcs) (159.0); Chocolate Thick Shake (189.0); Berry Blast Thick Shake (189.0); Medium Pepsi (95.0); Medium Pepsi Black (95.0); Mango Thick Shake (189.0); Choco Lava Cake (109.0); Chocolate Mousse Cup (109.0); Fiery Hell Dip (23.81)
2 Crispy Veg,Burger Doubles.,,140.0,VEG,N/A,4.0,
Crispy Veg Combo,Meal Combos(Save Rs. 45),"Save Rs 45 | Our best-selling burger with crispy veg patty, fresh onion and our signature sauce. Comes with Fries (M) + Medium Soft Drink (Cola)",229.0,VEG,N/A,3.6,King Fries (130.0); King Peri Peri Fries (159.0); Medium Fries (115.0); Medium Peri Peri Fries (144.0); Boneless Wings (4 Pcs) (159.0); Chocolate Thick Shake (189.0); Berry Blast Thick Shake (189.0); Medium Pepsi (95.0); Medium Pepsi Black (95.0); Mango Thick Shake (189.0); Choco Lava Cake (109.0); Chocolate Mousse Cup (109.0); Fiery Hell Dip (23.81)
Crispy Chicken Combo,Meal Combos(Save Rs. 45),"Save Rs 45 | Our best-selling burger with crispy chicken patty, onion and classic mayo sauce. Comes with Fries (M) + Medium Soft Drink (Cola)",267.0,NONVEG,N/A,3.9,King Fries (130.0); King Peri Peri Fries (159.0); Medium Fries (115.0); Medium Peri Peri Fries (144.0); Boneless Wings (4 Pcs) (159.0); Chocolate Thick Shake (189.0); Berry Blast Thick Shake (189.0); Medium Pepsi (95.0); Medium Pepsi Black (95.0); Mango Thick Shake (189.0); Choco Lava Cake (109.0); Chocolate Mousse Cup (109.0); Fiery Hell Dip (23.81)
Whopper Jr Veg Combo,Meal Combos(Save Rs. 45),"Save Rs 45 | Our signature Whopper with 7 layers between the buns in a convenient size. Extra crunchy veg Patty, fresh onion, crispy lettuce, juicy tomatoes (seasonal), tangy gherkins, creamy and smoky sauces. Comes with Fries (M) + Medium Soft Drink (Cola)",268.0,VEG,N/A,4.4,King Fries (130.0); King Peri Peri Fries (159.0); Medium Fries (115.0); Medium Peri Peri Fries (144.0); Boneless Wings (4 Pcs) (159.0); Chocolate Thick Shake (189.0); Berry Blast Thick Shake (189.0); Medium Pepsi (95.0); Medium Pepsi Black (95.0); Mango Thick Shake (189.0); Choco Lava Cake (109.0); Chocolate Mousse Cup (109.0); Fiery Hell Dip (23.81)
Whopper Jr Chicken Combo,Meal Combos(Save Rs. 45),"Save Rs 45 | Our signature Whopper with 7 layers between the buns in a convenient size. Flame Grilled chicken Patty, fresh onion, crispy lettuce, juicy tomatoes, tangy gherkins, creamy and smoky sauces. Comes with Fries (M) + Medium Soft Drink (Cola)",288.0,NONVEG,N/A,4.7,King Fries (130.0); King Peri Peri Fries (159.0); Medium Fries (115.0); Medium Peri Peri Fries (144.0); Boneless Wings (4 Pcs) (159.0); Chocolate Thick Shake (189.0); Berry Blast Thick Shake (189.0); Medium Pepsi (95.0); Medium Pepsi Black (95.0); Mango Thick Shake (189.0); Choco Lava Cake (109.0); Chocolate Mousse Cup (109.0); Fiery Hell Dip (23.81)
Veg Whopper Combo,Meal Combos(Save Rs. 45),"Save Rs 45 | Our signature Whopper with 7 layers between the buns. Extra crunchy veg Patty, fresh onion, crispy lettuce, juicy tomatoes (seasonal), tangy gherkins, creamy and smoky sauces with xxl buns. It?s Not A Burger, it?s a Whopper. Comes with Fries (M) + Medium Soft Drink (Cola)",328.0,VEG,N/A,4.6,King Fries (130.0); King Peri Peri Fries (159.0); Medium Fries (115.0); Medium Peri Peri Fries (144.0); Boneless Wings (4 Pcs) (159.0); Chocolate Thick Shake (189.0); Berry Blast Thick Shake (189.0); Medium Pepsi (95.0); Medium Pepsi Black (95.0); Mango Thick Shake (189.0); Choco Lava Cake (109.0); Chocolate Mousse Cup (109.0); Fiery Hell Dip (23.81)
Chicken Whopper Combo,Meal Combos(Save Rs. 45),"Save Rs 45 | Our signature Whopper with 7 layers between the buns. Flame Grilled chicken Patty, fresh onion, crispy lettuce, juicy tomatoes (seasonal), tangy gherkins, creamy and smoky sauces with xxl buns. It?s Not A Burger, it?s a Whopper. Comes with Fries (M) + Medium Soft Drink (Cola)",358.0,NONVEG,N/A,4.9,King Fries (130.0); King Peri Peri Fries (159.0); Medium Fries (115.0); Medium Peri Peri Fries (144.0); Boneless Wings (4 Pcs) (159.0); Chocolate Thick Shake (189.0); Berry Blast Thick Shake (189.0); Medium Pepsi (95.0); Medium Pepsi Black (95.0); Mango Thick Shake (189.0); Choco Lava Cake (109.0); Chocolate Mousse Cup (109.0); Fiery Hell Dip (23.81)
Hot 'N' Saucy Burger Combo,Meal Combos(Save Rs. 45),"Save Rs 45 | Chilli Saucy patty, spicy sauce, soft square masala buns. It's saucy & spicy. Comes with Fries (M) + Medium Soft Drink (Cola)",348.0,VEG,N/A,3.3,King Fries (130.0); King Peri Peri Fries (159.0); Medium Fries (115.0); Medium Peri Peri Fries (144.0); Boneless Wings (4 Pcs) (159.0); Chocolate Thick Shake (189.0); Berry Blast Thick Shake (189.0); Medium Pepsi (95.0); Medium Pepsi Black (95.0); Mango Thick Shake (189.0); Choco Lava Cake (109.0); Chocolate Mousse Cup (109.0); Fiery Hell Dip (23.81)
Fiery Chicken Burger Combo,Meal Combos(Save Rs. 45),"Save Rs 45 | Spicy Fried Chicken, loads of sauces in soft square masala buns. It's hot and happening. Comes with Fries (M) + Medium Soft Drink (Cola)",368.0,NONVEG,N/A,4.1,King Fries (130.0); King Peri Peri Fries (159.0); Medium Fries (115.0); Medium Peri Peri Fries (144.0); Boneless Wings (4 Pcs) (159.0); Chocolate Thick Shake (189.0); Berry Blast Thick Shake (189.0); Medium Pepsi (95.0); Medium Pepsi Black (95.0); Mango Thick Shake (189.0); Choco Lava Cake (109.0); Chocolate Mousse Cup (109.0); Fiery Hell Dip (23.81)
Paneer Royale Burger Combo,Meal Combos(Save Rs. 45),"Save Rs 45 | Thick Paneer Patty, loads of sauces in soft square masala buns. It's Royally Paneer. Comes with Fries (M) + Medium Soft Drink (Cola)",358.0,VEG,N/A,5.0,King Fries (130.0); King Peri Peri Fries (159.0); Medium Fries (115.0); Medium Peri Peri Fries (144.0); Boneless Wings (4 Pcs) (159.0); Chocolate Thick Shake (189.0); Berry Blast Thick Shake (189.0); Medium Pepsi (95.0); Medium Pepsi Black (95.0); Mango Thick Shake (189.0); Choco Lava Cake (109.0); Chocolate Mousse Cup (109.0); Fiery Hell Dip (23.81)
Chicken Tandoori Burger Combo,Meal Combos(Save Rs. 45),"Save Rs 45 | Desiness Alert! Flame grilled Tandoori Chicken, mint sauce with fresh onions. Comes with Fries (M) + Medium Soft Drink (Cola)",348.0,NONVEG,N/A,N/A,King Fries (130.0); King Peri Peri Fries (159.0); Medium Fries (115.0); Medium Peri Peri Fries (144.0); Boneless Wings (4 Pcs) (159.0); Chocolate Thick Shake (189.0); Berry Blast Thick Shake (189.0); Medium Pepsi (95.0); Medium Pepsi Black (95.0); Mango Thick Shake (189.0); Choco Lava Cake (109.0); Chocolate Mousse Cup (109.0); Fiery Hell Dip (23.81)
Mutton Whopper - Combo,Meal Combos(Save Rs. 45),"Save Rs 45 | Spicy, Saucy & Desi Masala Whopper for a limited time. Comes with Fries (M) + Medium Soft Drink (Cola)",448.0,NONVEG,N/A,N/A,King Fries (130.0); King Peri Peri Fries (159.0); Medium Fries (115.0); Medium Peri Peri Fries (144.0); Boneless Wings (4 Pcs) (159.0); Chocolate Thick Shake (189.0); Berry Blast Thick Shake (189.0); Medium Pepsi (95.0); Medium Pepsi Black (95.0); Mango Thick Shake (189.0); Choco Lava Cake (109.0); Chocolate Mousse Cup (109.0); Fiery Hell Dip (23.81)
(4Pc) Crunchy Chicken Nuggets,Sides,Tender Juicy Crunchy Chicken Nuggets fried to golden brown perfection,95.0,NONVEG,N/A,4.1,
(6Pc) Crunchy Chicken Nuggets + 1 Dip,Sides,Tender Juicy Crunchy Chicken Nuggets fried to golden brown perfection. Served with Fiery Hell Dip,169.0,NONVEG,N/A,4.7,
(9Pc) Crunchy Chicken Nuggets + 2 Dips,Sides,Tender Juicy Crunchy Chicken Nuggets fried to golden brown perfection. Served with Fiery Hell Dip,199.0,NONVEG,N/A,4.4,
(18Pcs) Crunchy Chicken Nuggets + 3 Dips,Sides,Tender Juicy Crunchy Chicken Nuggets fried to golden brown perfection. Served with Fiery Hell Dip,319.0,NONVEG,N/A,N/A,
Fiery Hell Dip,Sides,Chef's Special Spicy Sauce,23.81,VEG,N/A,3.9,
Hashbrown,Sides,What Every Potato Wants To Be,49.0,VEG,N/A,4.0,
Peri Peri Spice Mix,Sides,,28.57,VEG,N/A,4.3,
Veggie Strips(5 Pcs),Sides,Vegetarian's Favourite Finger Food,59.0,VEG,N/A,4.4,Fiery Hell Dip (23.81); Peri Peri Spice Mix (28.57)
Medium Fries,Sides,The Perfect Crispy Partner,115.0,VEG,N/A,4.3,
King Fries,Sides,The Perfect Crispy Partner,130.0,VEG,N/A,4.1,Fiery Hell Dip (23.81); Peri Peri Spice Mix (28.57)
Medium Peri Peri Fries,Sides,Crispy Fries With Peri Peri Spice. Hot Indeed,144.0,VEG,N/A,4.3,Fiery Hell Dip (23.81)
King Peri Peri Fries,Sides,Crispy Fries With Peri Peri Spice. Hot Indeed,159.0,VEG,N/A,3.9,Fiery Hell Dip (23.81)
Peri Peri Fries,Sides,Crispy fries with peri peri spice. Hot indeed.,144.0,VEG,N/A,N/A,Fiery Hell Dip (23.81)
Medium Soft Drink (Cola),Beverages,,95.0,VEG,N/A,4.2,
Chocolate Thick Shake,Beverages,Our Signature Chocolate Thick Shake,189.0,VEG,N/A,4.3,
Mango Thick Shake,Beverages,Our Signature Mango Thick Shake,189.0,VEG,N/A,4.5,
Berry Blast Thick Shake,Beverages,Rich Creamy Black Currant Thick shake,189.0,VEG,N/A,4.0,
Medium Soft Drink (Diet Cola),Beverages,,95.0,VEG,N/A,4.6,
Choco Lava Cup,Desserts,Melty Chocolate filled in cupcake,109.0,VEG,N/A,4.7,
Chocolate Mousse Cup,Desserts,Airy and creamy chocolate mousse topped with chocolate ganache and choco chips,109.0,VEG,N/A,4.0,
Chicken Wings Fried - Two Pieces,Chicken Wings.,Juicy chicken wings cooked to perfection.,79.0,NONVEG,N/A,3.8,
Chicken Wings Fried - Four Pieces,Chicken Wings.,Juicy chicken wings cooked to perfection.,149.0,NONVEG,N/A,3.2,
Chicken Wings Fried - Ten Pieces,Chicken Wings.,Juicy chicken wings cooked to perfection.,349.0,NONVEG,N/A,N/A,
Chicken Wings Fried - Fifteen Pieces,Chicken Wings.,Juicy chicken wings cooked to perfection.,529.0,NONVEG,N/A,N/A,
Boneless Wings Regular,Chicken Wings.,4pcs Boneless Chicken Bites,159.0,NONVEG,N/A,4.6,Fiery Hell Dip (23.81)
Boneless Wings Large,Chicken Wings.,7pcs Boneless Chicken Bites,269.0,NONVEG,N/A,4.1,Fiery Hell Dip (23.81)
